02338B3D4BG00000000AB021,108
02338B3D4DS00000000DG021,114
02338B3D4DS00000000AP021,111
02338B3D4DS00000000AN021,110
02338B3D4DS00000000AM021,116
02338B3D4DS00000000AG021,113
02338B3D4DS00000000AF021,117
02338B3D4DS00000000AD021,115
02338B3D4DS00000000AC021,109
02338B3D4DS00000000AB021,108
02338B3D4DR00000000DG021,114
02338B3D4DR00000000AP021,111
02338B3D4DR00000000AN021,110
02338B3D4DR00000000AM021,116
02338B3D4DR00000000AG021,113
02338B3D4DR00000000AF021,117
02338B3D4DR00000000AD021,115
02338B3D4DR00000000AC021,109
02338B3D4DR00000000AB021,108
02338B3D4DQ00000000DG021,114
02338B3D4DQ00000000AP021,111
02338B3D4DQ00000000AN021,110
02338B3D4DQ00000000AM021,116
02338B3D4DQ00000000AG021,113
02338B3D4DQ00000000AF021,117
02338B3D4DQ00000000AD021,115
02338B3D4DQ00000000AC021,109
02338B3D4DQ00000000AB021,108
02338B3D4DP00000000DG021,114
02338B3D4DP00000000AP021,111
02338B3D4DP00000000AN021,110
02338B3D4DP00000000AM021,116
02338B3D4DP00000000AG021,113
02338B3D4DP00000000AF021,117
02338B3D4DP00000000AD021,115
02338B3D4DP00000000AC021,109
02338B3D4DP00000000AB021,108
02338B3D4DN00000000DG021,114
02338B3D4DN00000000AP021,111
02338B3D4DN00000000AN021,110
02338B3D4DN00000000AM021,116
02338B3D4DN00000000AG021,113
02338B3D4DN00000000AF021,117
02338B3D4DN00000000AD021,115
02338B3D4DN00000000AC021,109
02338B3D4DN00000000AB021,108
02338B3D4DM00000000DG021,114
02338B3D4DM00000000AP021,111
02338B3D4DM00000000AN021,110
02338B3D4DM00000000AM021,116
02338B3D4DM00000000AG021,113
02338B3D4DM00000000AF021,117
02338B3D4DM00000000AD021,115
02338B3D4DM00000000AC021,109
02338B3D4DM00000000AB021,108
02338B3D4DL00000000DG021,114
02338B3D4DL00000000AP021,111
02338B3D4DL00000000AN021,110
02338B3D4DL00000000AM021,116
02338B3D4DL00000000AG021,113
02338B3D4DL00000000AF021,117
02338B3D4DL00000000AD021,115
02338B3D4DL00000000AC021,109
02338B3D4DL00000000AB021,108
02338B3D4DK00000000DG021,114
02338B3D4DK00000000AP021,111
02338B3D4DK00000000AN021,110
02338B3D4DK00000000AM021,116
02338B3D4DK00000000AG021,113
02338B3D4DK00000000AF021,117
02338B3D4DK00000000AD021,115
02338B3D4DK00000000AC021,109
02338B3D4DK00000000AB021,108
02338B3D4DJ00000000DG021,114
02338B3D4DJ00000000AP021,111
02338B3D4DJ00000000AN021,110
02338B3D4DJ00000000AM021,116
02338B3D4DJ00000000AG021,113
02338B3D4DJ00000000AF021,117
02338B3D4DJ00000000AD021,115
02338B3D4DJ00000000AC021,109
02338B3D4DJ00000000AB021,108
02338B3D4DH00000000DG021,114
02338B3D4DH00000000AP021,111
02338B3D4DH00000000AN021,110
02338B3D4DH00000000AM021,116
02338B3D4DH00000000AG021,113
02338B3D4DH00000000AF021,117
02338B3D4DH00000000AD021,115
02338B3D4DH00000000AC021,109
02338B3D4DH00000000AB021,108
02338B3D4DG00000000DG021,114
02338B3D4DG00000000AP021,111
02338B3D4DG00000000AN021,110
02338B3D4DG00000000AM021,116
02338B3D4DG00000000AG021,113
02338B3D4DG00000000AF021,117
02338B3D4DG00000000AD021,115
02338B3D4DG00000000AC021,109
02338B3D4DG00000000AB021,108
02338B3D4DF00000000DG021,114
02338B3D4DF00000000AP021,111
02338B3D4DF00000000AN021,110
02338B3D4DF00000000AM021,116
02338B3D4DF00000000AG021,113
02338B3D4DF00000000AF021,117
02338B3D4DF00000000AD021,115
02338B3D4DF00000000AC021,109
02338B3D4DF00000000AB021,108
02338B3D4DE00000000DG021,114
02338B3D4DE00000000AP021,111
02338B3D4DE00000000AN021,110
02338B3D4DE00000000AM021,116
02338B3D4DE00000000AG021,113
02338B3D4DE00000000AF021,117
02338B3D4DE00000000AD021,115
02338B3D4DE00000000AC021,109
02338B3D4DE00000000AB021,108
02338B3D4DC00000000DG021,114
02338B3D4DC00000000AP021,111
02338B3D4DC00000000AN021,110
02338B3D4DC00000000AM021,116
02338B3D4DC00000000AG021,113
02338B3D4DC00000000AF021,117
02338B3D4DC00000000AD021,115
02338B3D4DC00000000AC021,109
02338B3D4DC00000000AB021,108
02338B3D4DB00000000DG021,114
02338B3D4DB00000000AP021,111
02338B3D4DB00000000AN021,110
02338B3D4DB00000000AM021,116
02338B3D4DB00000000AG021,113
02338B3D4DB00000000AF021,117
02338B3D4DB00000000AD021,115
02338B3D4DB00000000AC021,109
02338B3D4DB00000000AB021,108
02338B3D4DA00000000DG021,114
02338B3D4DA00000000AP021,111
02338B3D4DA00000000AN021,110
02338B3D4DA00000000AM021,116
02338B3D4DA00000000AG021,113
02338B3D4DA00000000AF021,117
02338B3D4DA00000000AD021,115
02338B3D4DA00000000AC021,109
02338B3D4DA00000000AB021,108
02338B3D4CZ00000000DG021,114
02338B3D4CZ00000000AP021,111
02338B3D4CZ00000000AN021,110
02338B3D4CZ00000000AM021,116
02338B3D4CZ00000000AG021,113
02338B3D4CZ00000000AF021,117
02338B3D4CZ00000000AD021,115
02338B3D4CZ00000000AC021,109
02338B3D4CZ00000000AB021,108
02338B3D4CY00000000DG021,114
02338B3D4CY00000000AP021,111
02338B3D4CY00000000AN021,110
02338B3D4CY00000000AM021,116
02338B3D4CY00000000AG021,113
02338B3D4CY00000000AF021,117
02338B3D4CY00000000AD021,115
02338B3D4CY00000000AC021,109
02338B3D4CY00000000AB021,108
02338B3D4CX00000000DG021,114
02338B3D4CX00000000AP021,111
02338B3D4CX00000000AN021,110
02338B3D4CX00000000AM021,116
02338B3D4CX00000000AG021,113
02338B3D4CX00000000AF021,117
02338B3D4CX00000000AD021,115
02338B3D4CX00000000AC021,109
02338B3D4CX00000000AB021,108
02338B3D4CW00000000DG021,114
02338B3D4CW00000000AP021,111
02338B3D4CW00000000AN021,110
02338B3D4CW00000000AM021,116
02338B3D4CW00000000AG021,113
02338B3D4CW00000000AF021,117
02338B3D4CW00000000AD021,115
02338B3D4CW00000000AC021,109
02338B3D4CW00000000AB021,108
02338B3D4CV00000000DG021,114
02338B3D4CV00000000AP021,111
02338B3D4CV00000000AN021,110
02338B3D4CV00000000AM021,116
02338B3D4CV00000000AG021,113
02338B3D4CV00000000AF021,117
02338B3D4CV00000000AD021,115
02338B3D4CV00000000AC021,109
02338B3D4CV00000000AB021,108
02338B3D4CU00000000DG021,114
02338B3D4CU00000000AP021,111
02338B3D4CU00000000AN021,110
02338B3D4CU00000000AM021,116
02338B3D4CU00000000AG021,113
02338B3D4CU00000000AF021,117
02338B3D4CU00000000AD021,115
02338B3D4CU00000000AC021,109
02338B3D4CU00000000AB021,108
02338B3D4CT00000000DG021,114
02338B3D4CT00000000AP021,111
02338B3D4CT00000000AN021,110
02338B3D4CT00000000AM021,116
02338B3D4CT00000000AG021,113
02338B3D4CT00000000AF021,117
02338B3D4CT00000000AD021,115
02338B3D4CT00000000AC021,109
02338B3D4CT00000000AB021,108
02338B3D4CS00000000DG021,114
02338B3D4CS00000000AP021,111
02338B3D4CS00000000AN021,110
02338B3D4CS00000000AM021,116
02338B3D4CS00000000AG021,113
02338B3D4CS00000000AF021,117
02338B3D4CS00000000AD021,115
02338B3D4CS00000000AC021,109
02338B3D4CS00000000AB021,108
02338B3D4CR00000000DG021,114
02338B3D4CR00000000AP021,111
02338B3D4CR00000000AN021,110
02338B3D4CR00000000AM021,116
02338B3D4CR00000000AG021,113
02338B3D4CR00000000AF021,117
02338B3D4CR00000000AD021,115
02338B3D4CR00000000AC021,109
02338B3D4CR00000000AB021,108
02338B3D4CQ00000000DG021,114
02338B3D4CQ00000000AP021,111
02338B3D4CQ00000000AN021,110
02338B3D4CQ00000000AM021,116
02338B3D4CQ00000000AG021,113
02338B3D4CQ00000000AF021,117
02338B3D4CQ00000000AD021,115
02338B3D4CQ00000000AC021,109
02338B3D4CQ00000000AB021,108
02338B3D4CP00000000DG021,114
02338B3D4CP00000000AP021,111
02338B3D4CP00000000AN021,110
02338B3D4CP00000000AM021,116
02338B3D4CP00000000AG021,113
02338B3D4CP00000000AF021,117
02338B3D4CP00000000AD021,115
02338B3D4CP00000000AC021,109
02338B3D4CP00000000AB021,108
02338B3D4CN00000000DG021,114
02338B3D4CN00000000AP021,111
02338B3D4CN00000000AN021,110
02338B3D4CN00000000AM021,116
02338B3D4CN00000000AG021,113
02338B3D4CN00000000AF021,117
02338B3D4CN00000000AD021,115
02338B3D4CN00000000AC021,109
02338B3D4CN00000000AB021,108
02338B3D4CM00000000DG021,114
02338B3D4CM00000000AP021,111
02338B3D4CM00000000AN021,110
02338B3D4CM00000000AM021,116
02338B3D4CM00000000AG021,113
02338B3D4CM00000000AF021,117
02338B3D4CM00000000AD021,115
02338B3D4CM00000000AC021,109
02338B3D4CM00000000AB021,108
02338B3D4CL00000000DG021,114
02338B3D4CL00000000AP021,111
02338B3D4CL00000000AN021,110
02338B3D4CL00000000AM021,116
02338B3D4CL00000000AG021,113
02338B3D4CL00000000AF021,117
02338B3D4CL00000000AD021,115
02338B3D4CL00000000AC021,109
02338B3D4CL00000000AB021,108
02338B3D4CK00000000DG021,114
02338B3D4CK00000000AP021,111
02338B3D4CK00000000AN021,110
02338B3D4CK00000000AM021,116
02338B3D4CK00000000AG021,113
02338B3D4CK00000000AF021,117
02338B3D4CK00000000AD021,115
02338B3D4CK00000000AC021,109
02338B3D4CK00000000AB021,108
02338B3D4CJ00000000DG021,114
02338B3D4CJ00000000AP021,111
02338B3D4CJ00000000AN021,110
02338B3D4CJ00000000AM021,116
02338B3D4CJ00000000AG021,113
02338B3D4CJ00000000AF021,117
02338B3D4CJ00000000AD021,115
02338B3D4CJ00000000AC021,109
02338B3D4CJ00000000AB021,108
02338B3D4CH00000000DG021,114
02338B3D4CH00000000AP021,111
02338B3D4CH00000000AN021,110
02338B3D4CH00000000AM021,116
02338B3D4CH00000000AG021,113
02338B3D4CH00000000AF021,117
02338B3D4CH00000000AD021,115
02338B3D4CH00000000AC021,109
02338B3D4CH00000000AB021,108
02338B3D4CG00000000DG021,114
02338B3D4CG00000000AP021,111
02338B3D4CG00000000AN021,110
02338B3D4CG00000000AM021,116
02338B3D4CG00000000AG021,113
02338B3D4CG00000000AF021,117
02338B3D4CG00000000AD021,115
02338B3D4CG00000000AC021,109
02338B3D4CG00000000AB021,108
02338B3D4CF00000000DG021,114
02338B3D4CF00000000AP021,111
02338B3D4CF00000000AN021,110
02338B3D4CF00000000AM021,116
02338B3D4CF00000000AG021,113
02338B3D4CF00000000AF021,117
02338B3D4CF00000000AD021,115
02338B3D4CF00000000AC021,109
02338B3D4CF00000000AB021,108
02338B3D4CE00000000DG021,114
02338B3D4CE00000000AP021,111
02338B3D4CE00000000AN021,110
02338B3D4CE00000000AM021,116
02338B3D4CE00000000AG021,113
02338B3D4CE00000000AF021,117
02338B3D4CE00000000AD021,115
02338B3D4CE00000000AC021,109
02338B3D4CE00000000AB021,108
02338B3D4CD00000000DG021,114
02338B3D4CD00000000AP021,111
02338B3D4CD00000000AN021,110
02338B3D4CD00000000AM021,116
02338B3D4CD00000000AG021,113
02338B3D4CD00000000AF021,117
02338B3D4CD00000000AD021,115
02338B3D4CD00000000AC021,109
02338B3D4CD00000000AB021,108
02338B3D4CB00000000DG021,114
02338B3D4CB00000000AP021,111
02338B3D4CB00000000AN021,110
02338B3D4CB00000000AM021,116
02338B3D4CB00000000AG021,113
02338B3D4CB00000000AF021,117
02338B3D4CB00000000AD021,115
02338B3D4CB00000000AC021,109
02338B3D4CB00000000AB021,108
02338B3D4CA00000000DG021,114
02338B3D4CA00000000AP021,111
02338B3D4CA00000000AN021,110
02338B3D4CA00000000AM021,116
02338B3D4CA00000000AG021,113
02338B3D4CA00000000AF021,117
02338B3D4CA00000000AD021,115
02338B3D4CA00000000AC021,109
02338B3D4CA00000000AB021,108
02338B3D4BZ00000000DG021,114
02338B3D4BZ00000000AP021,111
02338B3D4BZ00000000AN021,110
02338B3D4BZ00000000AM021,116
02338B3D4BZ00000000AG021,113
02338B3D4BZ00000000AF021,117
02338B3D4BZ00000000AD021,115
02338B3D4BZ00000000AC021,109
02338B3D4BZ00000000AB021,108
02338B3D4BY00000000DG021,114
02338B3D4BY00000000AP021,111
02338B3D4BY00000000AN021,110
02338B3D4BY00000000AM021,116
02338B3D4BY00000000AG021,113
02338B3D4BY00000000AF021,117
02338B3D4BY00000000AD021,115
02338B3D4BY00000000AC021,109
02338B3D4BY00000000AB021,108
02338B3D4BX00000000DG021,114
02338B3D4BX00000000AP021,111
02338B3D4BX00000000AN021,110
02338B3D4BX00000000AM021,116
02338B3D4BX00000000AG021,113
02338B3D4BX00000000AF021,117
02338B3D4BX00000000AD021,115
02338B3D4BX00000000AC021,109
02338B3D4BX00000000AB021,108
02338B3D4BW00000000DG021,114
02338B3D4BW00000000AP021,111
02338B3D4BW00000000AN021,110
02338B3D4BW00000000AM021,116
02338B3D4BW00000000AG021,113
02338B3D4BW00000000AF021,117
02338B3D4BW00000000AD021,115
02338B3D4BW00000000AC021,109
02338B3D4BW00000000AB021,108
02338B3D4BV00000000DG021,114
02338B3D4BV00000000AP021,111
02338B3D4BV00000000AN021,110
02338B3D4BV00000000AM021,116
02338B3D4BV00000000AG021,113
02338B3D4BV00000000AF021,117
02338B3D4BV00000000AD021,115
02338B3D4BV00000000AC021,109
02338B3D4BV00000000AB021,108
02338B3D4BU00000000DG021,114
02338B3D4BU00000000AP021,111
02338B3D4BU00000000AN021,110
02338B3D4BU00000000AM021,116
02338B3D4BU00000000AG021,113
02338B3D4BU00000000AF021,117
02338B3D4BU00000000AD021,115
02338B3D4BU00000000AC021,109
02338B3D4BU00000000AB021,108
02338B3D4BT00000000DG021,114
02338B3D4BT00000000AP021,111
02338B3D4BT00000000AN021,110
02338B3D4BT00000000AM021,116
02338B3D4BT00000000AG021,113
02338B3D4BT00000000AF021,117
02338B3D4BT00000000AD021,115
02338B3D4BT00000000AC021,109
02338B3D4BT00000000AB021,108
02338B3D4BS00000000DG021,114
02338B3D4BS00000000AP021,111
02338B3D4BS00000000AN021,110
02338B3D4BS00000000AM021,116
02338B3D4BS00000000AG021,113
02338B3D4BS00000000AF021,117
02338B3D4BS00000000AD021,115
02338B3D4BS00000000AC021,109
02338B3D4BS00000000AB021,108
02338B3D4BR00000000DG021,114
02338B3D4BR00000000AP021,111
02338B3D4BR00000000AN021,110
02338B3D4BR00000000AM021,116
02338B3D4BR00000000AG021,113
02338B3D4BR00000000AF021,117
02338B3D4BR00000000AD021,115
02338B3D4BR00000000AC021,109
02338B3D4BR00000000AB021,108
02338B3D4BQ00000000DG021,114
02338B3D4BQ00000000AP021,111
02338B3D4BQ00000000AN021,110
02338B3D4BQ00000000AM021,116
02338B3D4BQ00000000AG021,113
02338B3D4BQ00000000AF021,117
02338B3D4BQ00000000AD021,115
02338B3D4BQ00000000AC021,109
02338B3D4BQ00000000AB021,108
02338B3D4BN00000000DG021,114
02338B3D4BN00000000AP021,111
02338B3D4BN00000000AN021,110
02338B3D4BN00000000AM021,116
02338B3D4BN00000000AG021,113
02338B3D4BN00000000AF021,117
02338B3D4BN00000000AD021,115
02338B3D4BN00000000AC021,109
02338B3D4BN00000000AB021,108
02338B3D4BL00000000DG021,114
02338B3D4BL00000000AP021,111
02338B3D4BL00000000AN021,110
02338B3D4BL00000000AM021,116
02338B3D4BL00000000AG021,113
02338B3D4BL00000000AF021,117
02338B3D4BL00000000AD021,115
02338B3D4BL00000000AC021,109
02338B3D4BL00000000AB021,108
02338B3D4BJ00000000DG021,114
02338B3D4BJ00000000AP021,111
02338B3D4BJ00000000AN021,110
02338B3D4BJ00000000AM021,116
02338B3D4BJ00000000AG021,113
02338B3D4BJ00000000AF021,117
02338B3D4BJ00000000AD021,115
02338B3D4BJ00000000AC021,109
02338B3D4BJ00000000AB021,108
02338B3D4BG00000000DG021,114
02338B3D4BG00000000AP021,111
02338B3D4BG00000000AN021,110
02338B3D4BG00000000AM021,116
02338B3D4BG00000000AG021,113
02338B3D4BG00000000AF021,117
02338B3D4BG00000000AD021,115
02338B3D4BG00000000AC021,109
02311B3D0DS0000000000101,101
02311B3D0DR0000000000101,101
02311B3D0DQ0000000000101,101
02311B3D0DP0000000000101,101
02311B3D0DN0000000000101,101
02311B3D0DM0000000000101,101
02311B3D0DL0000000000101,101
02311B3D0DK0000000000101,101
02311B3D0DJ0000000000101,101
02311B3D0DH0000000000101,101
02311B3D0DG0000000000101,101
02311B3D0DF0000000000101,101
02311B3D0DE0000000000101,101
02311B3D0DC0000000000101,101
02311B3D0DB0000000000101,101
02311B3D0DA0000000000101,101
02311B3D0CZ0000000000101,101
02311B3D0CY0000000000101,101
02311B3D0CX0000000000101,101
02311B3D0CW0000000000101,101
02311B3D0CV0000000000101,101
02311B3D0CU0000000000101,101
02311B3D0CT0000000000101,101
02311B3D0CS0000000000101,101
02311B3D0CR0000000000101,101
02311B3D0CQ0000000000101,101
02311B3D0CP0000000000101,101
02311B3D0CN0000000000101,101
02311B3D0CM0000000000101,101
02311B3D0CL0000000000101,101
02311B3D0CK0000000000101,101
02311B3D0CJ0000000000101,101
02311B3D0CH0000000000101,101
02311B3D0CG0000000000101,101
02311B3D0CF0000000000101,101
02311B3D0CE0000000000101,101
02311B3D0CD0000000000101,101
02311B3D0CB0000000000101,101
02311B3D0CA0000000000101,101
02311B3D0BZ0000000000101,101
02311B3D0BY0000000000101,101
02311B3D0BX0000000000101,101
02311B3D0BW0000000000101,101
02311B3D0BV0000000000101,101
02311B3D0BU0000000000101,101
02311B3D0BT0000000000101,101
02311B3D0BS0000000000101,101
02311B3D0BR0000000000101,101
02311B3D0BQ0000000000101,101
02311B3D0BN0000000000101,101
02311B3D0BL0000000000101,101
02311B3D0BJ0000000000101,101
02311B3D0BG0000000000101,101
01122B3D7DS00000000AY061,43
01122B3D7DS00000000AW061,42
01122B3D7DS00000000AA061,41
01122B3D7DR00000000AY061,43
01122B3D7DR00000000AW061,42
01122B3D7DR00000000AA061,41
01122B3D7DQ00000000AY061,43
01122B3D7DQ00000000AW061,42
01122B3D7DQ00000000AA061,41
01122B3D7DP00000000AY061,43
01122B3D7DP00000000AW061,42
01122B3D7DP00000000AA061,41
01122B3D7DN00000000AY061,43
01122B3D7DN00000000AW061,42
01122B3D7DN00000000AA061,41
01122B3D7DM00000000AY061,43
01122B3D7DM00000000AW061,42
01122B3D7DM00000000AA061,41
01122B3D7DL00000000AY061,43
01122B3D7DL00000000AW061,42
01122B3D7DL00000000AA061,41
01122B3D7DK00000000AY061,43
01122B3D7DK00000000AW061,42
01122B3D7DK00000000AA061,41
01122B3D7DJ00000000AY061,43
01122B3D7DJ00000000AW061,42
01122B3D7DJ00000000AA061,41
01122B3D7DH00000000AY061,43
01122B3D7DH00000000AW061,42
01122B3D7DH00000000AA061,41
01122B3D7DG00000000AY061,43
01122B3D7DG00000000AW061,42
01122B3D7DG00000000AA061,41
01122B3D7DF00000000AY061,43
01122B3D7DF00000000AW061,42
01122B3D7DF00000000AA061,41
01122B3D7DE00000000AY061,43
01122B3D7DE00000000AW061,42
01122B3D7DE00000000AA061,41
01122B3D7DC00000000AY061,43
01122B3D7DC00000000AW061,42
01122B3D7DC00000000AA061,41
01122B3D7DB00000000AY061,43
01122B3D7DB00000000AW061,42
01122B3D7DB00000000AA061,41
01122B3D7DA00000000AY061,43
01122B3D7DA00000000AW061,42
01122B3D7DA00000000AA061,41
01122B3D7CZ00000000AY061,43
01122B3D7CZ00000000AW061,42
01122B3D7CZ00000000AA061,41
01122B3D7CY00000000AY061,43
01122B3D7CY00000000AW061,42
01122B3D7CY00000000AA061,41
01122B3D7CX00000000AY061,43
01122B3D7CX00000000AW061,42
01122B3D7CX00000000AA061,41
01122B3D7CW00000000AY061,43
01122B3D7CW00000000AW061,42
01122B3D7CW00000000AA061,41
01122B3D7CV00000000AY061,43
01122B3D7CV00000000AW061,42
01122B3D7CV00000000AA061,41
01122B3D7CU00000000AY061,43
01122B3D7CU00000000AW061,42
01122B3D7CU00000000AA061,41
01122B3D7CT00000000AY061,43
01122B3D7CT00000000AW061,42
01122B3D7CT00000000AA061,41
01122B3D7CS00000000AY061,43
01122B3D7CS00000000AW061,42
01122B3D7CS00000000AA061,41
01122B3D7CR00000000AY021,43
01122B3D7CR00000000AW021,42
01122B3D7CR00000000AA021,41
01122B3D7CQ00000000AY061,43
01122B3D7CQ00000000AW061,42
01122B3D7CQ00000000AA061,41
01122B3D7CP00000000AY061,43
01122B3D7CP00000000AW061,42
01122B3D7CP00000000AA061,41
01122B3D7CN00000000AY061,43
01122B3D7CN00000000AW061,42
01122B3D7CN00000000AA061,41
01122B3D7CM00000000AY061,43
01122B3D7CM00000000AW061,42
01122B3D7CM00000000AA061,41
01122B3D7CL00000000AY061,43
01122B3D7CL00000000AW061,42
01122B3D7CL00000000AA061,41
01122B3D7CK00000000AY061,43
01122B3D7CK00000000AW061,42
01122B3D7CK00000000AA061,41
01122B3D7CJ00000000AY061,43
01122B3D7CJ00000000AW061,42
01122B3D7CJ00000000AA061,41
01122B3D7CH00000000AY061,43
01122B3D7CH00000000AW061,42
01122B3D7CH00000000AA061,41
01122B3D7CG00000000AY061,43
01122B3D7CG00000000AW061,42
01122B3D7CG00000000AA061,41
01122B3D7CF00000000AY061,43
01122B3D7CF00000000AW061,42
01122B3D7CF00000000AA061,41
01122B3D7CE00000000AY061,43
01122B3D7CE00000000AW061,42
01122B3D7CE00000000AA061,41
01122B3D7CD00000000AY061,43
01122B3D7CD00000000AW061,42
01122B3D7CD00000000AA061,41
01122B3D7CB00000000AY061,43
01122B3D7CB00000000AW061,42
01122B3D7CB00000000AA061,41
01122B3D7CA00000000AY061,43
01122B3D7CA00000000AW061,42
01122B3D7CA00000000AA061,41
01122B3D7BZ00000000AY061,43
01122B3D7BZ00000000AW061,42
01122B3D7BZ00000000AA061,41
01122B3D7BY00000000AY061,43
01122B3D7BY00000000AW061,42
01122B3D7BY00000000AA061,41
01122B3D7BX00000000AY061,43
01122B3D7BX00000000AW061,42
01122B3D7BX00000000AA061,41
01122B3D7BW00000000AY061,43
01122B3D7BW00000000AW061,42
01122B3D7BW00000000AA061,41
01122B3D7BV00000000AY061,43
01122B3D7BV00000000AW061,42
01122B3D7BV00000000AA061,41
01122B3D7BU00000000AY061,43
01122B3D7BU00000000AW061,42
01122B3D7BU00000000AA061,41
01122B3D7BT00000000AY061,43
01122B3D7BT00000000AW061,42
01122B3D7BT00000000AA061,41
01122B3D7BS00000000AY061,43
01122B3D7BS00000000AW061,42
01122B3D7BS00000000AA061,41
01122B3D7BR00000000AY061,43
01122B3D7BR00000000AW061,42
01122B3D7BR00000000AA061,41
01122B3D7BQ00000000AY061,43
01122B3D7BQ00000000AW061,42
01122B3D7BQ00000000AA061,41
01122B3D7BP00000000AY061,43
01122B3D7BP00000000AW061,42
01122B3D7BP00000000AA061,41
01122B3D7BN00000000AY061,43
01122B3D7BN00000000AW061,42
01122B3D7BN00000000AA061,41
01122B3D7BM00000000AY061,43
01122B3D7BM00000000AW061,42
01122B3D7BM00000000AA061,41
01122B3D7BL00000000AY061,43
01122B3D7BL00000000AW061,42
01122B3D7BL00000000AA061,41
01122B3D7BK00000000AY061,43
01122B3D7BK00000000AW061,42
01122B3D7BK00000000AA061,41
01122B3D7BJ00000000AY061,43
01122B3D7BJ00000000AW061,42
01122B3D7BJ00000000AA061,41
01122B3D7BH00000000AY061,43
01122B3D7BH00000000AW061,42
01122B3D7BH00000000AA061,41
01122B3D7BG00000000AY061,43
01122B3D7BG00000000AW061,42
01122B3D7BG00000000AA061,41
01121B3D7DS00000000AS021,7
01121B3D7DS00000000AR021,20
01121B3D7DS00000000AQ021,99
01121B3D7DS00000000AP021,6
01121B3D7DS00000000AN021,98
01121B3D7DS00000000AM021,97
01121B3D7DS00000000AL021,1
01121B3D7DS00000000AG021,19
01121B3D7DS00000000AF021,5
01121B3D7DS00000000AD021,3
01121B3D7DS00000000AC021,4
01121B3D7DS00000000AB021,2
01121B3D7DR00000000AS021,7
01121B3D7DR00000000AR021,20
01121B3D7DR00000000AP021,6
01121B3D7DR00000000AL021,1
01121B3D7DR00000000AG021,19
01121B3D7DR00000000AF021,5
01121B3D7DR00000000AD021,3
01121B3D7DR00000000AC021,4
01121B3D7DR00000000AB021,2
01121B3D7DQ00000000AS021,7
01121B3D7DQ00000000AR021,20
01121B3D7DQ00000000AQ021,99
01121B3D7DQ00000000AP021,6
01121B3D7DQ00000000AN021,98
01121B3D7DQ00000000AM021,97
01121B3D7DQ00000000AL021,1
01121B3D7DQ00000000AG021,19
01121B3D7DQ00000000AF021,5
01121B3D7DQ00000000AD021,3
01121B3D7DQ00000000AC021,4
01121B3D7DQ00000000AB021,2
01121B3D7DP00000000AS021,7
01121B3D7DP00000000AR021,20
01121B3D7DP00000000AP021,6
01121B3D7DP00000000AL021,1
01121B3D7DP00000000AG021,19
01121B3D7DP00000000AF021,5
01121B3D7DP00000000AD021,3
01121B3D7DP00000000AC021,4
01121B3D7DP00000000AB021,2
01121B3D7DN00000000AS021,7
01121B3D7DN00000000AR021,20
01121B3D7DN00000000AQ021,99
01121B3D7DN00000000AP021,6
01121B3D7DN00000000AN021,98
01121B3D7DN00000000AM021,97
01121B3D7DN00000000AL021,1
01121B3D7DN00000000AG021,19
01121B3D7DN00000000AF021,5
01121B3D7DN00000000AD021,3
01121B3D7DN00000000AC021,4
01121B3D7DN00000000AB021,2
01121B3D7DM00000000AS021,7
01121B3D7DM00000000AR021,20
01121B3D7DM00000000AP021,6
01121B3D7DM00000000AL021,1
01121B3D7DM00000000AG021,19
01121B3D7DM00000000AF021,5
01121B3D7DM00000000AD021,3
01121B3D7DM00000000AC021,4
01121B3D7DM00000000AB021,2
01121B3D7DL00000000AS021,7
01121B3D7DL00000000AR021,20
01121B3D7DL00000000AQ021,99
01121B3D7DL00000000AP021,6
01121B3D7DL00000000AN021,98
01121B3D7DL00000000AM021,97
01121B3D7DL00000000AL021,1
01121B3D7DL00000000AG021,19
01121B3D7DL00000000AF021,5
01121B3D7DL00000000AD021,3
01121B3D7DL00000000AC021,4
01121B3D7DL00000000AB021,2
01121B3D7DK00000000AS021,7
01121B3D7DK00000000AR021,20
01121B3D7DK00000000AP021,6
01121B3D7DK00000000AL021,1
01121B3D7DK00000000AG021,19
01121B3D7DK00000000AF021,5
01121B3D7DK00000000AD021,3
01121B3D7DK00000000AC021,4
01121B3D7DK00000000AB021,2
01121B3D7DJ00000000AS021,7
01121B3D7DJ00000000AR021,20
01121B3D7DJ00000000AQ021,99
01121B3D7DJ00000000AP021,6
01121B3D7DJ00000000AN021,98
01121B3D7DJ00000000AM021,97
01121B3D7DJ00000000AL021,1
01121B3D7DJ00000000AG021,19
01121B3D7DJ00000000AF021,5
01121B3D7DJ00000000AD021,3
01121B3D7DJ00000000AC021,4
01121B3D7DJ00000000AB021,2
01121B3D7DH00000000AS021,7
01121B3D7DH00000000AR021,20
01121B3D7DH00000000AP021,6
01121B3D7DH00000000AL021,1
01121B3D7DH00000000AG021,19
01121B3D7DH00000000AF021,5
01121B3D7DH00000000AD021,3
01121B3D7DH00000000AC021,4
01121B3D7DH00000000AB021,2
01121B3D7DG00000000AS021,7
01121B3D7DG00000000AR021,20
01121B3D7DG00000000AQ021,99
01121B3D7DG00000000AP021,6
01121B3D7DG00000000AN021,98
01121B3D7DG00000000AM021,97
01121B3D7DG00000000AL021,1
01121B3D7DG00000000AG021,19
01121B3D7DG00000000AF021,5
01121B3D7DG00000000AD021,3
01121B3D7DG00000000AC021,4
01121B3D7DG00000000AB021,2
01121B3D7DF00000000AS021,7
01121B3D7DF00000000AR021,20
01121B3D7DF00000000AP021,6
01121B3D7DF00000000AL021,1
01121B3D7DF00000000AG021,19
01121B3D7DF00000000AF021,5
01121B3D7DF00000000AD021,3
01121B3D7DF00000000AC021,4
01121B3D7DF00000000AB021,2
01121B3D7DE00000000AS021,7
01121B3D7DE00000000AR021,20
01121B3D7DE00000000AQ021,99
01121B3D7DE00000000AP021,6
01121B3D7DE00000000AN021,98
01121B3D7DE00000000AM021,97
01121B3D7DE00000000AL021,1
01121B3D7DE00000000AG021,19
01121B3D7DE00000000AF021,5
01121B3D7DE00000000AD021,3
01121B3D7DE00000000AC021,4
01121B3D7DE00000000AB021,2
01121B3D7DC00000000AS021,7
01121B3D7DC00000000AR021,20
01121B3D7DC00000000AP021,6
01121B3D7DC00000000AL021,1
01121B3D7DC00000000AG021,19
01121B3D7DC00000000AF021,5
01121B3D7DC00000000AD021,3
01121B3D7DC00000000AC021,4
01121B3D7DC00000000AB021,2
01121B3D7DB00000000AS021,7
01121B3D7DB00000000AR021,20
01121B3D7DB00000000AQ021,99
01121B3D7DB00000000AP021,6
01121B3D7DB00000000AN021,98
01121B3D7DB00000000AM021,97
01121B3D7DB00000000AL021,1
01121B3D7DB00000000AG021,19
01121B3D7DB00000000AF021,5
01121B3D7DB00000000AD021,3
01121B3D7DB00000000AC021,4
01121B3D7DB00000000AB021,2
01121B3D7DA00000000AS021,7
01121B3D7DA00000000AR021,20
01121B3D7DA00000000AP021,6
01121B3D7DA00000000AL021,1
01121B3D7DA00000000AG021,19
01121B3D7DA00000000AF021,5
01121B3D7DA00000000AD021,3
01121B3D7DA00000000AC021,4
01121B3D7DA00000000AB021,2
01121B3D7CZ00000000AS021,7
01121B3D7CZ00000000AR021,20
01121B3D7CZ00000000AQ021,99
01121B3D7CZ00000000AP021,6
01121B3D7CZ00000000AN021,98
01121B3D7CZ00000000AM021,97
01121B3D7CZ00000000AL021,1
01121B3D7CZ00000000AG021,19
01121B3D7CZ00000000AF021,5
01121B3D7CZ00000000AD021,3
01121B3D7CZ00000000AC021,4
01121B3D7CZ00000000AB021,2
01121B3D7CY00000000AS021,7
01121B3D7CY00000000AR021,20
01121B3D7CY00000000AQ021,99
01121B3D7CY00000000AP021,6
01121B3D7CY00000000AN021,98
01121B3D7CY00000000AM021,97
01121B3D7CY00000000AL021,1
01121B3D7CY00000000AG021,19
01121B3D7CY00000000AF021,5
01121B3D7CY00000000AD021,3
01121B3D7CY00000000AC021,4
01121B3D7CY00000000AB021,2
01121B3D7CX00000000AS021,7
01121B3D7CX00000000AR021,20
01121B3D7CX00000000AQ021,99
01121B3D7CX00000000AP021,6
01121B3D7CX00000000AN021,98
01121B3D7CX00000000AM021,97
01121B3D7CX00000000AL021,1
01121B3D7CX00000000AG021,19
01121B3D7CX00000000AF021,5
01121B3D7CX00000000AD021,3
01121B3D7CX00000000AC021,4
01121B3D7CX00000000AB021,2
01121B3D7CW00000000AS021,7
01121B3D7CW00000000AR021,20
01121B3D7CW00000000AQ021,99
01121B3D7CW00000000AP021,6
01121B3D7CW00000000AN021,98
01121B3D7CW00000000AM021,97
01121B3D7CW00000000AL021,1
01121B3D7CW00000000AG021,19
01121B3D7CW00000000AF021,5
01121B3D7CW00000000AD021,3
01121B3D7CW00000000AC021,4
01121B3D7CW00000000AB021,2
01121B3D7CV00000000AS021,7
01121B3D7CV00000000AR021,20
01121B3D7CV00000000AQ021,99
01121B3D7CV00000000AP021,6
01121B3D7CV00000000AN021,98
01121B3D7CV00000000AM021,97
01121B3D7CV00000000AL021,1
01121B3D7CV00000000AG021,19
01121B3D7CV00000000AF021,5
01121B3D7CV00000000AD021,3
01121B3D7CV00000000AC021,4
01121B3D7CV00000000AB021,2
01121B3D7CU00000000AS021,7
01121B3D7CU00000000AR021,20
01121B3D7CU00000000AQ021,99
01121B3D7CU00000000AP021,6
01121B3D7CU00000000AN021,98
01121B3D7CU00000000AM021,97
01121B3D7CU00000000AL021,1
01121B3D7CU00000000AG021,19
01121B3D7CU00000000AF021,5
01121B3D7CU00000000AD021,3
01121B3D7CU00000000AC021,4
01121B3D7CU00000000AB021,2
01121B3D7CT00000000AS021,7
01121B3D7CT00000000AR021,20
01121B3D7CT00000000AQ021,99
01121B3D7CT00000000AP021,6
01121B3D7CT00000000AN021,98
01121B3D7CT00000000AM021,97
01121B3D7CT00000000AL021,1
01121B3D7CT00000000AG021,19
01121B3D7CT00000000AF021,5
01121B3D7CT00000000AD021,3
01121B3D7CT00000000AC021,4
01121B3D7CT00000000AB021,2
01121B3D7CS00000000AS021,7
01121B3D7CS00000000AR021,20
01121B3D7CS00000000AQ021,99
01121B3D7CS00000000AP021,6
01121B3D7CS00000000AN021,98
01121B3D7CS00000000AM021,97
01121B3D7CS00000000AL021,1
01121B3D7CS00000000AG021,19
01121B3D7CS00000000AF021,5
01121B3D7CS00000000AD021,3
01121B3D7CS00000000AC021,4
01121B3D7CS00000000AB021,2
01121B3D7CR00000000AS021,7
01121B3D7CR00000000AR021,20
01121B3D7CR00000000AQ021,99
01121B3D7CR00000000AP021,6
01121B3D7CR00000000AN021,98
01121B3D7CR00000000AM021,97
01121B3D7CR00000000AL021,1
01121B3D7CR00000000AG021,19
01121B3D7CR00000000AF021,5
01121B3D7CR00000000AD021,3
01121B3D7CR00000000AC021,4
01121B3D7CR00000000AB021,2
01121B3D7CQ00000000AS021,7
01121B3D7CQ00000000AR021,20
01121B3D7CQ00000000AQ021,99
01121B3D7CQ00000000AP021,6
01121B3D7CQ00000000AN021,98
01121B3D7CQ00000000AM021,97
01121B3D7CQ00000000AL021,1
01121B3D7CQ00000000AG021,19
01121B3D7CQ00000000AF021,5
01121B3D7CQ00000000AD021,3
01121B3D7CQ00000000AC021,4
01121B3D7CQ00000000AB021,2
01121B3D7CP00000000AS021,7
01121B3D7CP00000000AR021,20
01121B3D7CP00000000AQ021,99
01121B3D7CP00000000AP021,6
01121B3D7CP00000000AN021,98
01121B3D7CP00000000AM021,97
01121B3D7CP00000000AL021,1
01121B3D7CP00000000AG021,19
01121B3D7CP00000000AF021,5
01121B3D7CP00000000AD021,3
01121B3D7CP00000000AC021,4
01121B3D7CP00000000AB021,2
01121B3D7CN00000000AS021,7
01121B3D7CN00000000AR021,20
01121B3D7CN00000000AQ021,99
01121B3D7CN00000000AP021,6
01121B3D7CN00000000AN021,98
01121B3D7CN00000000AM021,97
01121B3D7CN00000000AL021,1
01121B3D7CN00000000AG021,19
01121B3D7CN00000000AF021,5
01121B3D7CN00000000AD021,3
01121B3D7CN00000000AC021,4
01121B3D7CN00000000AB021,2
01121B3D7CM00000000AS021,7
01121B3D7CM00000000AR021,20
01121B3D7CM00000000AQ021,99
01121B3D7CM00000000AP021,6
01121B3D7CM00000000AN021,98
01121B3D7CM00000000AM021,97
01121B3D7CM00000000AL021,1
01121B3D7CM00000000AG021,19
01121B3D7CM00000000AF021,5
01121B3D7CM00000000AD021,3
01121B3D7CM00000000AC021,4
01121B3D7CM00000000AB021,2
01121B3D7CL00000000AS021,7
01121B3D7CL00000000AR021,20
01121B3D7CL00000000AQ021,99
01121B3D7CL00000000AP021,6
01121B3D7CL00000000AN021,98
01121B3D7CL00000000AM021,97
01121B3D7CL00000000AL021,1
01121B3D7CL00000000AG021,19
01121B3D7CL00000000AF021,5
01121B3D7CL00000000AD021,3
01121B3D7CL00000000AC021,4
01121B3D7CL00000000AB021,2
01121B3D7CK00000000AS021,7
01121B3D7CK00000000AR021,20
01121B3D7CK00000000AQ021,99
01121B3D7CK00000000AP021,6
01121B3D7CK00000000AN021,98
01121B3D7CK00000000AM021,97
01121B3D7CK00000000AL021,1
01121B3D7CK00000000AG021,19
01121B3D7CK00000000AF021,5
01121B3D7CK00000000AD021,3
01121B3D7CK00000000AC021,4
01121B3D7CK00000000AB021,2
01121B3D7CJ00000000AS021,7
01121B3D7CJ00000000AR021,20
01121B3D7CJ00000000AQ021,99
01121B3D7CJ00000000AP021,6
01121B3D7CJ00000000AN021,98
01121B3D7CJ00000000AM021,97
01121B3D7CJ00000000AL021,1
01121B3D7CJ00000000AG021,19
01121B3D7CJ00000000AF021,5
01121B3D7CJ00000000AD021,3
01121B3D7CJ00000000AC021,4
01121B3D7CJ00000000AB021,2
01121B3D7CH00000000AS021,7
01121B3D7CH00000000AR021,20
01121B3D7CH00000000AQ021,99
01121B3D7CH00000000AP021,6
01121B3D7CH00000000AN021,98
01121B3D7CH00000000AM021,97
01121B3D7CH00000000AL021,1
01121B3D7CH00000000AG021,19
01121B3D7CH00000000AF021,5
01121B3D7CH00000000AD021,3
01121B3D7CH00000000AC021,4
01121B3D7CH00000000AB021,2
01121B3D7CG00000000AS021,7
01121B3D7CG00000000AR021,20
01121B3D7CG00000000AQ021,99
01121B3D7CG00000000AP021,6
01121B3D7CG00000000AN021,98
01121B3D7CG00000000AM021,97
01121B3D7CG00000000AL021,1
01121B3D7CG00000000AG021,19
01121B3D7CG00000000AF021,5
01121B3D7CG00000000AD021,3
01121B3D7CG00000000AC021,4
01121B3D7CG00000000AB021,2
01121B3D7CF00000000AS021,7
01121B3D7CF00000000AR021,20
01121B3D7CF00000000AQ021,99
01121B3D7CF00000000AP021,6
01121B3D7CF00000000AN021,98
01121B3D7CF00000000AM021,97
01121B3D7CF00000000AL021,1
01121B3D7CF00000000AG021,19
01121B3D7CF00000000AF021,5
01121B3D7CF00000000AD021,3
01121B3D7CF00000000AC021,4
01121B3D7CF00000000AB021,2
01121B3D7CE00000000AS021,7
01121B3D7CE00000000AR021,20
01121B3D7CE00000000AQ021,99
01121B3D7CE00000000AP021,6
01121B3D7CE00000000AN021,98
01121B3D7CE00000000AM021,97
01121B3D7CE00000000AL021,1
01121B3D7CE00000000AG021,19
01121B3D7CE00000000AF021,5
01121B3D7CE00000000AD021,3
01121B3D7CE00000000AC021,4
01121B3D7CE00000000AB021,2
01121B3D7CD00000000AS021,7
01121B3D7CD00000000AR021,20
01121B3D7CD00000000AQ021,99
01121B3D7CD00000000AP021,6
01121B3D7CD00000000AN021,98
01121B3D7CD00000000AM021,97
01121B3D7CD00000000AL021,1
01121B3D7CD00000000AG021,19
01121B3D7CD00000000AF021,5
01121B3D7CD00000000AD021,3
01121B3D7CD00000000AC021,4
01121B3D7CD00000000AB021,2
01121B3D7CB00000000AS021,7
01121B3D7CB00000000AR021,20
01121B3D7CB00000000AQ021,99
01121B3D7CB00000000AP021,6
01121B3D7CB00000000AN021,98
01121B3D7CB00000000AM021,97
01121B3D7CB00000000AL021,1
01121B3D7CB00000000AG021,19
01121B3D7CB00000000AF021,5
01121B3D7CB00000000AD021,3
01121B3D7CB00000000AC021,4
01121B3D7CB00000000AB021,2
01121B3D7CA00000000AS021,7
01121B3D7CA00000000AR021,20
01121B3D7CA00000000AQ021,99
01121B3D7CA00000000AP021,6
01121B3D7CA00000000AN021,98
01121B3D7CA00000000AM021,97
01121B3D7CA00000000AL021,1
01121B3D7CA00000000AG021,19
01121B3D7CA00000000AF021,5
01121B3D7CA00000000AD021,3
01121B3D7CA00000000AC021,4
01121B3D7CA00000000AB021,2
01121B3D7BZ00000000AS021,7
01121B3D7BZ00000000AR021,20
01121B3D7BZ00000000AQ021,99
01121B3D7BZ00000000AP021,6
01121B3D7BZ00000000AN021,98
01121B3D7BZ00000000AM021,97
01121B3D7BZ00000000AL021,1
01121B3D7BZ00000000AG021,19
01121B3D7BZ00000000AF021,5
01121B3D7BZ00000000AD021,3
01121B3D7BZ00000000AC021,4
01121B3D7BZ00000000AB021,2
01121B3D7BY00000000AS021,7
01121B3D7BY00000000AR021,20
01121B3D7BY00000000AQ021,99
01121B3D7BY00000000AP021,6
01121B3D7BY00000000AN021,98
01121B3D7BY00000000AM021,97
01121B3D7BY00000000AL021,1
01121B3D7BY00000000AG021,19
01121B3D7BY00000000AF021,5
01121B3D7BY00000000AD021,3
01121B3D7BY00000000AC021,4
01121B3D7BY00000000AB021,2
01121B3D7BX00000000AS021,7
01121B3D7BX00000000AR021,20
01121B3D7BX00000000AQ021,99
01121B3D7BX00000000AP021,6
01121B3D7BX00000000AN021,98
01121B3D7BX00000000AM021,97
01121B3D7BX00000000AL021,1
01121B3D7BX00000000AG021,19
01121B3D7BX00000000AF021,5
01121B3D7BX00000000AD021,3
01121B3D7BX00000000AC021,4
01121B3D7BX00000000AB021,2
01121B3D7BW00000000AS021,7
01121B3D7BW00000000AR021,20
01121B3D7BW00000000AQ021,99
01121B3D7BW00000000AP021,6
01121B3D7BW00000000AN021,98
01121B3D7BW00000000AM021,97
01121B3D7BW00000000AL021,1
01121B3D7BW00000000AG021,19
01121B3D7BW00000000AF021,5
01121B3D7BW00000000AD021,3
01121B3D7BW00000000AC021,4
01121B3D7BW00000000AB021,2
01121B3D7BV00000000AS021,7
01121B3D7BV00000000AR021,20
01121B3D7BV00000000AQ021,99
01121B3D7BV00000000AP021,6
01121B3D7BV00000000AN021,98
01121B3D7BV00000000AM021,97
01121B3D7BV00000000AL021,1
01121B3D7BV00000000AG021,19
01121B3D7BV00000000AF021,5
01121B3D7BV00000000AD021,3
01121B3D7BV00000000AC021,4
01121B3D7BV00000000AB021,2
01121B3D7BU00000000AS021,7
01121B3D7BU00000000AR021,20
01121B3D7BU00000000AQ021,99
01121B3D7BU00000000AP021,6
01121B3D7BU00000000AN021,98
01121B3D7BU00000000AM021,97
01121B3D7BU00000000AL021,1
01121B3D7BU00000000AG021,19
01121B3D7BU00000000AF021,5
01121B3D7BU00000000AD021,3
01121B3D7BU00000000AC021,4
01121B3D7BU00000000AB021,2
01121B3D7BT00000000AS021,7
01121B3D7BT00000000AR021,20
01121B3D7BT00000000AQ021,99
01121B3D7BT00000000AP021,6
01121B3D7BT00000000AN021,98
01121B3D7BT00000000AM021,97
01121B3D7BT00000000AL021,1
01121B3D7BT00000000AG021,19
01121B3D7BT00000000AF021,5
01121B3D7BT00000000AD021,3
01121B3D7BT00000000AC021,4
01121B3D7BT00000000AB021,2
01121B3D7BS00000000AS021,7
01121B3D7BS00000000AR021,20
01121B3D7BS00000000AQ021,99
01121B3D7BS00000000AP021,6
01121B3D7BS00000000AN021,98
01121B3D7BS00000000AM021,97
01121B3D7BS00000000AL021,1
01121B3D7BS00000000AG021,19
01121B3D7BS00000000AF021,5
01121B3D7BS00000000AD021,3
01121B3D7BS00000000AC021,4
01121B3D7BS00000000AB021,2
01121B3D7BR00000000AS021,7
01121B3D7BR00000000AR021,20
01121B3D7BR00000000AQ021,99
01121B3D7BR00000000AP021,6
01121B3D7BR00000000AN021,98
01121B3D7BR00000000AM021,97
01121B3D7BR00000000AL021,1
01121B3D7BR00000000AG021,19
01121B3D7BR00000000AF021,5
01121B3D7BR00000000AD021,3
01121B3D7BR00000000AC021,4
01121B3D7BR00000000AB021,2
01121B3D7BQ00000000AS021,7
01121B3D7BQ00000000AR021,20
01121B3D7BQ00000000AQ021,99
01121B3D7BQ00000000AP021,6
01121B3D7BQ00000000AN021,98
01121B3D7BQ00000000AM021,97
01121B3D7BQ00000000AL021,1
01121B3D7BQ00000000AG021,19
01121B3D7BQ00000000AF021,5
01121B3D7BQ00000000AD021,3
01121B3D7BQ00000000AC021,4
01121B3D7BQ00000000AB021,2
01121B3D7BP00000000AS021,7
01121B3D7BP00000000AR021,20
01121B3D7BP00000000AP021,6
01121B3D7BP00000000AL021,1
01121B3D7BP00000000AG021,19
01121B3D7BP00000000AF021,5
01121B3D7BP00000000AD021,3
01121B3D7BP00000000AC021,4
01121B3D7BP00000000AB021,2
01121B3D7BN00000000AS021,7
01121B3D7BN00000000AR021,20
01121B3D7BN00000000AQ021,99
01121B3D7BN00000000AP021,6
01121B3D7BN00000000AN021,98
01121B3D7BN00000000AM021,97
01121B3D7BN00000000AL021,1
01121B3D7BN00000000AG021,19
01121B3D7BN00000000AF021,5
01121B3D7BN00000000AD021,3
01121B3D7BN00000000AC021,4
01121B3D7BN00000000AB021,2
01121B3D7BM00000000AS021,7
01121B3D7BM00000000AP021,6
01121B3D7BM00000000AL021,1
01121B3D7BM00000000AG021,19
01121B3D7BM00000000AF021,5
01121B3D7BM00000000AD021,3
01121B3D7BM00000000AC021,4
01121B3D7BM00000000AB021,2
01121B3D7BL00000000AS021,7
01121B3D7BL00000000AR021,20
01121B3D7BL00000000AQ021,99
01121B3D7BL00000000AP021,6
01121B3D7BL00000000AN021,98
01121B3D7BL00000000AM021,97
01121B3D7BL00000000AL021,1
01121B3D7BL00000000AG021,19
01121B3D7BL00000000AF021,5
01121B3D7BL00000000AD021,3
01121B3D7BL00000000AC021,4
01121B3D7BL00000000AB021,2
01121B3D7BK00000000AS021,7
01121B3D7BK00000000AR021,20
01121B3D7BK00000000AP021,6
01121B3D7BK00000000AL021,1
01121B3D7BK00000000AG021,19
01121B3D7BK00000000AF021,5
01121B3D7BK00000000AD021,3
01121B3D7BK00000000AC021,4
01121B3D7BK00000000AB021,2
01121B3D7BJ00000000AS021,7
01121B3D7BJ00000000AR021,20
01121B3D7BJ00000000AQ021,99
01121B3D7BJ00000000AP021,6
01121B3D7BJ00000000AN021,98
01121B3D7BJ00000000AM021,97
01121B3D7BJ00000000AL021,1
01121B3D7BJ00000000AG021,19
01121B3D7BJ00000000AF021,5
01121B3D7BJ00000000AD021,3
01121B3D7BJ00000000AC021,4
01121B3D7BJ00000000AB021,2
01121B3D7BH00000000AS021,7
01121B3D7BH00000000AR021,20
01121B3D7BH00000000AP021,6
01121B3D7BH00000000AL021,1
01121B3D7BH00000000AG021,19
01121B3D7BH00000000AF021,5
01121B3D7BH00000000AD021,3
01121B3D7BH00000000AC021,4
01121B3D7BH00000000AB021,2
01121B3D7BG00000000AS021,7
01121B3D7BG00000000AR021,20
01121B3D7BG00000000AQ021,99
01121B3D7BG00000000AP021,6
01121B3D7BG00000000AN021,98
01121B3D7BG00000000AM021,97
01121B3D7BG00000000AL021,1
01121B3D7BG00000000AG021,19
01121B3D7BG00000000AF021,5
01121B3D7BG00000000AD021,3
01121B3D7BG00000000AC021,4
01121B3D7BG00000000AB021,2
01115B3D7DS00000000AK021,14
01115B3D7DS00000000AJ021,11
01115B3D7DS00000000AH021,10
01115B3D7DS00000000AG021,40
01115B3D7DS00000000AC021,39
01115B3D7DS00000000AB021,38
01115B3D7DR00000000AK021,14
01115B3D7DR00000000AJ021,11
01115B3D7DR00000000AH021,10
01115B3D7DR00000000AG021,40
01115B3D7DR00000000AC021,39
01115B3D7DR00000000AB021,38
01115B3D7DQ00000000AK021,14
01115B3D7DQ00000000AJ021,11
01115B3D7DQ00000000AH021,10
01115B3D7DQ00000000AG021,40
01115B3D7DQ00000000AC021,39
01115B3D7DQ00000000AB021,38
01115B3D7DP00000000AK021,14
01115B3D7DP00000000AJ021,11
01115B3D7DP00000000AH021,10
01115B3D7DP00000000AG021,40
01115B3D7DP00000000AC021,39
01115B3D7DP00000000AB021,38
01115B3D7DN00000000AK021,14
01115B3D7DN00000000AJ021,11
01115B3D7DN00000000AH021,10
01115B3D7DN00000000AG021,40
01115B3D7DN00000000AC021,39
01115B3D7DN00000000AB021,38
01115B3D7DM00000000AK021,14
01115B3D7DM00000000AJ021,11
01115B3D7DM00000000AH021,10
01115B3D7DM00000000AG021,40
01115B3D7DM00000000AC021,39
01115B3D7DM00000000AB021,38
01115B3D7DL00000000AK021,14
01115B3D7DL00000000AJ021,11
01115B3D7DL00000000AH021,10
01115B3D7DL00000000AG021,40
01115B3D7DL00000000AC021,39
01115B3D7DL00000000AB021,38
01115B3D7DK00000000AK021,14
01115B3D7DK00000000AJ021,11
01115B3D7DK00000000AH021,10
01115B3D7DK00000000AG021,40
01115B3D7DK00000000AC021,39
01115B3D7DK00000000AB021,38
01115B3D7DJ00000000AK021,14
01115B3D7DJ00000000AJ021,11
01115B3D7DJ00000000AH021,10
01115B3D7DJ00000000AG021,40
01115B3D7DJ00000000AC021,39
01115B3D7DJ00000000AB021,38
01115B3D7DH00000000AK021,14
01115B3D7DH00000000AJ021,11
01115B3D7DH00000000AH021,10
01115B3D7DH00000000AG021,40
01115B3D7DH00000000AC021,39
01115B3D7DH00000000AB021,38
01115B3D7DG00000000AK021,14
01115B3D7DG00000000AJ021,11
01115B3D7DG00000000AH021,10
01115B3D7DG00000000AG021,40
01115B3D7DG00000000AC021,39
01115B3D7DG00000000AB021,38
01115B3D7DF00000000AK021,14
01115B3D7DF00000000AJ021,11
01115B3D7DF00000000AH021,10
01115B3D7DF00000000AG021,40
01115B3D7DF00000000AC021,39
01115B3D7DF00000000AB021,38
01115B3D7DE00000000AK021,14
01115B3D7DE00000000AJ021,11
01115B3D7DE00000000AH021,10
01115B3D7DE00000000AG021,40
01115B3D7DE00000000AC021,39
01115B3D7DE00000000AB021,38
01115B3D7DC00000000AK021,14
01115B3D7DC00000000AJ021,11
01115B3D7DC00000000AH021,10
01115B3D7DC00000000AG021,40
01115B3D7DC00000000AC021,39
01115B3D7DC00000000AB021,38
01115B3D7DB00000000AK021,14
01115B3D7DB00000000AJ021,11
01115B3D7DB00000000AH021,10
01115B3D7DB00000000AG021,40
01115B3D7DB00000000AC021,39
01115B3D7DB00000000AB021,38
01115B3D7DA00000000AK021,14
01115B3D7DA00000000AJ021,11
01115B3D7DA00000000AH021,10
01115B3D7DA00000000AG021,40
01115B3D7DA00000000AC021,39
01115B3D7DA00000000AB021,38
01115B3D7CZ00000000AK021,14
01115B3D7CZ00000000AJ021,11
01115B3D7CZ00000000AH021,10
01115B3D7CZ00000000AG021,40
01115B3D7CZ00000000AC021,39
01115B3D7CZ00000000AB021,38
01115B3D7CY00000000AK021,14
01115B3D7CY00000000AJ021,11
01115B3D7CY00000000AH021,10
01115B3D7CY00000000AG021,40
01115B3D7CY00000000AC021,39
01115B3D7CY00000000AB021,38
01115B3D7CX00000000AK021,14
01115B3D7CX00000000AJ021,11
01115B3D7CX00000000AH021,10
01115B3D7CX00000000AG021,40
01115B3D7CX00000000AC021,39
01115B3D7CX00000000AB021,38
01115B3D7CW00000000AK021,14
01115B3D7CW00000000AJ021,11
01115B3D7CW00000000AH021,10
01115B3D7CW00000000AG021,40
01115B3D7CW00000000AC021,39
01115B3D7CW00000000AB021,38
01115B3D7CV00000000AK021,14
01115B3D7CV00000000AJ021,11
01115B3D7CV00000000AH021,10
01115B3D7CV00000000AG021,40
01115B3D7CV00000000AC021,39
01115B3D7CV00000000AB021,38
01115B3D7CU00000000AK021,14
01115B3D7CU00000000AJ021,11
01115B3D7CU00000000AH021,10
01115B3D7CU00000000AG021,40
01115B3D7CU00000000AC021,39
01115B3D7CU00000000AB021,38
01115B3D7CT00000000AK021,14
01115B3D7CT00000000AJ021,11
01115B3D7CT00000000AH021,10
01115B3D7CT00000000AG021,40
01115B3D7CT00000000AC021,39
01115B3D7CT00000000AB021,38
01115B3D7CS00000000AK021,14
01115B3D7CS00000000AJ021,11
01115B3D7CS00000000AH021,10
01115B3D7CS00000000AG021,40
01115B3D7CS00000000AC021,39
01115B3D7CS00000000AB021,38
01115B3D7CR00000000AK021,14
01115B3D7CR00000000AJ021,11
01115B3D7CR00000000AH021,10
01115B3D7CR00000000AG021,40
01115B3D7CR00000000AC021,39
01115B3D7CR00000000AB021,38
01115B3D7CQ00000000AK021,14
01115B3D7CQ00000000AJ021,11
01115B3D7CQ00000000AH021,10
01115B3D7CQ00000000AG021,40
01115B3D7CQ00000000AC021,39
01115B3D7CQ00000000AB021,38
01115B3D7CP00000000AK021,14
01115B3D7CP00000000AJ021,11
01115B3D7CP00000000AH021,10
01115B3D7CP00000000AG021,40
01115B3D7CP00000000AC021,39
01115B3D7CP00000000AB021,38
01115B3D7CN00000000AK021,14
01115B3D7CN00000000AJ021,11
01115B3D7CN00000000AH021,10
01115B3D7CN00000000AG021,40
01115B3D7CN00000000AC021,39
01115B3D7CN00000000AB021,38
01115B3D7CM00000000AK021,14
01115B3D7CM00000000AJ021,11
01115B3D7CM00000000AH021,10
01115B3D7CM00000000AG021,40
01115B3D7CM00000000AC021,39
01115B3D7CM00000000AB021,38
01115B3D7CL00000000AK021,14
01115B3D7CL00000000AJ021,11
01115B3D7CL00000000AH021,10
01115B3D7CL00000000AG021,40
01115B3D7CL00000000AC021,39
01115B3D7CL00000000AB021,38
01115B3D7CK00000000AK021,14
01115B3D7CK00000000AJ021,11
01115B3D7CK00000000AH021,10
01115B3D7CK00000000AG021,40
01115B3D7CK00000000AC021,39
01115B3D7CK00000000AB021,38
01115B3D7CJ00000000AK021,14
01115B3D7CJ00000000AJ021,11
01115B3D7CJ00000000AH021,10
01115B3D7CJ00000000AG021,40
01115B3D7CJ00000000AC021,39
01115B3D7CJ00000000AB021,38
01115B3D7CH00000000AK021,14
01115B3D7CH00000000AJ021,11
01115B3D7CH00000000AH021,10
01115B3D7CH00000000AG021,40
01115B3D7CH00000000AC021,39
01115B3D7CH00000000AB021,38
01115B3D7CG00000000AK021,14
01115B3D7CG00000000AJ021,11
01115B3D7CG00000000AH021,10
01115B3D7CG00000000AG021,40
01115B3D7CG00000000AC021,39
01115B3D7CG00000000AB021,38
01115B3D7CF00000000AK021,14
01115B3D7CF00000000AJ021,11
01115B3D7CF00000000AH021,10
01115B3D7CF00000000AG021,40
01115B3D7CF00000000AC021,39
01115B3D7CF00000000AB021,38
01115B3D7CE00000000AK021,14
01115B3D7CE00000000AJ021,11
01115B3D7CE00000000AH021,10
01115B3D7CE00000000AG021,40
01115B3D7CE00000000AC021,39
01115B3D7CE00000000AB021,38
01115B3D7CD00000000AK021,14
01115B3D7CD00000000AJ021,11
01115B3D7CD00000000AH021,10
01115B3D7CD00000000AG021,40
01115B3D7CD00000000AC021,39
01115B3D7CD00000000AB021,38
01115B3D7CB00000000AK021,14
01115B3D7CB00000000AJ021,11
01115B3D7CB00000000AH021,10
01115B3D7CB00000000AG021,40
01115B3D7CB00000000AC021,39
01115B3D7CB00000000AB021,38
01115B3D7CA00000000AK021,14
01115B3D7CA00000000AJ021,11
01115B3D7CA00000000AH021,10
01115B3D7CA00000000AG021,40
01115B3D7CA00000000AC021,39
01115B3D7CA00000000AB021,38
01115B3D7BZ00000000AK021,14
01115B3D7BZ00000000AJ021,11
01115B3D7BZ00000000AH021,10
01115B3D7BZ00000000AG021,40
01115B3D7BZ00000000AC021,39
01115B3D7BZ00000000AB021,38
01115B3D7BY00000000AK021,14
01115B3D7BY00000000AJ021,11
01115B3D7BY00000000AH021,10
01115B3D7BY00000000AG021,40
01115B3D7BY00000000AC021,39
01115B3D7BY00000000AB021,38
01115B3D7BX00000000AK021,14
01115B3D7BX00000000AJ021,11
01115B3D7BX00000000AH021,10
01115B3D7BX00000000AG021,40
01115B3D7BX00000000AC021,39
01115B3D7BX00000000AB021,38
01115B3D7BW00000000AK021,14
01115B3D7BW00000000AJ021,11
01115B3D7BW00000000AH021,10
01115B3D7BW00000000AG021,40
01115B3D7BW00000000AC021,39
01115B3D7BW00000000AB021,38
01115B3D7BV00000000AK021,14
01115B3D7BV00000000AJ021,11
01115B3D7BV00000000AH021,10
01115B3D7BV00000000AG021,40
01115B3D7BV00000000AC021,39
01115B3D7BV00000000AB021,38
01115B3D7BU00000000AK021,14
01115B3D7BU00000000AJ021,11
01115B3D7BU00000000AH021,10
01115B3D7BU00000000AG021,40
01115B3D7BU00000000AC021,39
01115B3D7BU00000000AB021,38
01115B3D7BT00000000AK021,14
01115B3D7BT00000000AJ021,11
01115B3D7BT00000000AH021,10
01115B3D7BT00000000AG021,40
01115B3D7BT00000000AC021,39
01115B3D7BT00000000AB021,38
01115B3D7BS00000000AK021,14
01115B3D7BS00000000AJ021,11
01115B3D7BS00000000AH021,10
01115B3D7BS00000000AG021,40
01115B3D7BS00000000AC021,39
01115B3D7BS00000000AB021,38
01115B3D7BR00000000AK021,14
01115B3D7BR00000000AJ021,11
01115B3D7BR00000000AH021,10
01115B3D7BR00000000AG021,40
01115B3D7BR00000000AC021,39
01115B3D7BR00000000AB021,38
01115B3D7BQ00000000AK021,14
01115B3D7BQ00000000AJ021,11
01115B3D7BQ00000000AH021,10
01115B3D7BQ00000000AG021,40
01115B3D7BQ00000000AC021,39
01115B3D7BQ00000000AB021,38
01115B3D7BP00000000AK021,14
01115B3D7BP00000000AJ021,11
01115B3D7BP00000000AH021,10
01115B3D7BP00000000AG021,40
01115B3D7BP00000000AC021,39
01115B3D7BP00000000AB021,38
01115B3D7BN00000000AK021,14
01115B3D7BN00000000AJ021,11
01115B3D7BN00000000AH021,10
01115B3D7BN00000000AG021,40
01115B3D7BN00000000AC021,39
01115B3D7BN00000000AB021,38
01115B3D7BM00000000AK021,14
01115B3D7BM00000000AJ021,11
01115B3D7BM00000000AH021,10
01115B3D7BM00000000AG021,40
01115B3D7BM00000000AC021,39
01115B3D7BM00000000AB021,38
01115B3D7BL00000000AK021,14
01115B3D7BL00000000AJ021,11
01115B3D7BL00000000AH021,10
01115B3D7BL00000000AG021,40
01115B3D7BL00000000AC021,39
01115B3D7BL00000000AB021,38
01115B3D7BK00000000AK021,14
01115B3D7BK00000000AJ021,11
01115B3D7BK00000000AH021,10
01115B3D7BK00000000AG021,40
01115B3D7BK00000000AC021,39
01115B3D7BK00000000AB021,38
01115B3D7BJ00000000AK021,14
01115B3D7BJ00000000AJ021,11
01115B3D7BJ00000000AH021,10
01115B3D7BJ00000000AG021,40
01115B3D7BJ00000000AC021,39
01115B3D7BJ00000000AB021,38
01115B3D7BH00000000AK021,14
01115B3D7BH00000000AJ021,11
01115B3D7BH00000000AH021,10
01115B3D7BH00000000AG021,40
01115B3D7BH00000000AC021,39
01115B3D7BH00000000AB021,38
01115B3D7BG00000000AK021,14
01115B3D7BG00000000AJ021,11
01115B3D7BG00000000AH021,10
01115B3D7BG00000000AG021,40
01115B3D7BG00000000AC021,39
01115B3D7BG00000000AB021,38
01114B3D0DS00000000AG101,19
01114B3D0DS00000000AF101,5
01114B3D0DS00000000AC101,4
01114B3D0DS00000000AB101,2
01114B3D0DR00000000AG101,19
01114B3D0DR00000000AF101,5
01114B3D0DR00000000AC101,4
01114B3D0DR00000000AB101,2
01114B3D0DQ00000000AG101,19
01114B3D0DQ00000000AF101,5
01114B3D0DQ00000000AC101,4
01114B3D0DQ00000000AB101,2
01114B3D0DP00000000AG101,19
01114B3D0DP00000000AF101,5
01114B3D0DP00000000AC101,4
01114B3D0DP00000000AB101,2
01114B3D0DN00000000AG101,19
01114B3D0DN00000000AF101,5
01114B3D0DN00000000AC101,4
01114B3D0DN00000000AB101,2
01114B3D0DM00000000AG101,19
01114B3D0DM00000000AF101,5
01114B3D0DM00000000AC101,4
01114B3D0DM00000000AB101,2
01114B3D0DL00000000AG101,19
01114B3D0DL00000000AF101,5
01114B3D0DL00000000AC101,4
01114B3D0DL00000000AB101,2
01114B3D0DK00000000AG101,19
01114B3D0DK00000000AF101,5
01114B3D0DK00000000AC101,4
01114B3D0DK00000000AB101,2
01114B3D0DJ00000000AG101,19
01114B3D0DJ00000000AF101,5
01114B3D0DJ00000000AC101,4
01114B3D0DJ00000000AB101,2
01114B3D0DH00000000AG101,19
01114B3D0DH00000000AF101,5
01114B3D0DH00000000AC101,4
01114B3D0DH00000000AB101,2
01114B3D0DG00000000AG101,19
01114B3D0DG00000000AF101,5
01114B3D0DG00000000AC101,4
01114B3D0DG00000000AB101,2
01114B3D0DF00000000AG101,19
01114B3D0DF00000000AF101,5
01114B3D0DF00000000AC101,4
01114B3D0DF00000000AB101,2
01114B3D0DE00000000AG101,19
01114B3D0DE00000000AF101,5
01114B3D0DE00000000AC101,4
01114B3D0DE00000000AB101,2
01114B3D0DC00000000AG101,19
01114B3D0DC00000000AF101,5
01114B3D0DC00000000AC101,4
01114B3D0DC00000000AB101,2
01114B3D0DB00000000AG101,19
01114B3D0DB00000000AF101,5
01114B3D0DB00000000AC101,4
01114B3D0DB00000000AB101,2
01114B3D0DA00000000AG101,19
01114B3D0DA00000000AF101,5
01114B3D0DA00000000AC101,4
01114B3D0DA00000000AB101,2
01114B3D0CZ00000000AG101,19
01114B3D0CZ00000000AF101,5
01114B3D0CZ00000000AC101,4
01114B3D0CZ00000000AB101,2
01114B3D0CY00000000AG101,19
01114B3D0CY00000000AF101,5
01114B3D0CY00000000AC101,4
01114B3D0CY00000000AB101,2
01114B3D0CX00000000AG101,19
01114B3D0CX00000000AF101,5
01114B3D0CX00000000AC101,4
01114B3D0CX00000000AB101,2
01114B3D0CW00000000AG101,19
01114B3D0CW00000000AF101,5
01114B3D0CW00000000AC101,4
01114B3D0CW00000000AB101,2
01114B3D0CV00000000AG101,19
01114B3D0CV00000000AF101,5
01114B3D0CV00000000AC101,4
01114B3D0CV00000000AB101,2
01114B3D0CU00000000AG101,19
01114B3D0CU00000000AF101,5
01114B3D0CU00000000AC101,4
01114B3D0CU00000000AB101,2
01114B3D0CT00000000AG101,19
01114B3D0CT00000000AF101,5
01114B3D0CT00000000AC101,4
01114B3D0CT00000000AB101,2
01114B3D0CR00000000AG101,19
01114B3D0CR00000000AF101,5
01114B3D0CR00000000AC101,4
01114B3D0CR00000000AB101,2
01114B3D0CP00000000AG101,19
01114B3D0CP00000000AF101,5
01114B3D0CP00000000AC101,4
01114B3D0CP00000000AB101,2
01114B3D0CN00000000AG101,19
01114B3D0CN00000000AF101,5
01114B3D0CN00000000AC101,4
01114B3D0CN00000000AB101,2
01114B3D0CM00000000AG101,19
01114B3D0CM00000000AF101,5
01114B3D0CM00000000AC101,4
01114B3D0CM00000000AB101,2
01114B3D0CL00000000AG101,19
01114B3D0CL00000000AF101,5
01114B3D0CL00000000AC101,4
01114B3D0CL00000000AB101,2
01114B3D0CK00000000AG101,19
01114B3D0CK00000000AF101,5
01114B3D0CK00000000AC101,4
01114B3D0CK00000000AB101,2
01114B3D0CJ00000000AG101,19
01114B3D0CJ00000000AF101,5
01114B3D0CJ00000000AC101,4
01114B3D0CJ00000000AB101,2
01114B3D0CH00000000AG101,19
01114B3D0CH00000000AF101,5
01114B3D0CH00000000AC101,4
01114B3D0CH00000000AB101,2
01114B3D0CG00000000AG101,19
01114B3D0CG00000000AF101,5
01114B3D0CG00000000AC101,4
01114B3D0CG00000000AB101,2
01114B3D0CF00000000AG101,19
01114B3D0CF00000000AF101,5
01114B3D0CF00000000AC101,4
01114B3D0CF00000000AB101,2
01114B3D0CE00000000AG101,19
01114B3D0CE00000000AF101,5
01114B3D0CE00000000AC101,4
01114B3D0CE00000000AB101,2
01114B3D0CD00000000AG101,19
01114B3D0CD00000000AF101,5
01114B3D0CD00000000AC101,4
01114B3D0CD00000000AB101,2
01114B3D0CB00000000AG101,19
01114B3D0CB00000000AF101,5
01114B3D0CB00000000AC101,4
01114B3D0CB00000000AB101,2
01114B3D0CA00000000AG101,19
01114B3D0CA00000000AF101,5
01114B3D0CA00000000AC101,4
01114B3D0CA00000000AB101,2
01114B3D0BZ00000000AG101,19
01114B3D0BZ00000000AF101,5
01114B3D0BZ00000000AC101,4
01114B3D0BZ00000000AB101,2
01114B3D0BY00000000AG101,19
01114B3D0BY00000000AF101,5
01114B3D0BY00000000AC101,4
01114B3D0BY00000000AB101,2
01114B3D0BX00000000AG101,19
01114B3D0BX00000000AF101,5
01114B3D0BX00000000AC101,4
01114B3D0BX00000000AB101,2
01114B3D0BW00000000AG101,19
01114B3D0BW00000000AF101,5
01114B3D0BW00000000AC101,4
01114B3D0BW00000000AB101,2
01114B3D0BV00000000AG101,19
01114B3D0BV00000000AF101,5
01114B3D0BV00000000AC101,4
01114B3D0BV00000000AB101,2
01114B3D0BU00000000AG101,19
01114B3D0BU00000000AF101,5
01114B3D0BU00000000AC101,4
01114B3D0BU00000000AB101,2
01114B3D0BT00000000AG101,19
01114B3D0BT00000000AF101,5
01114B3D0BT00000000AC101,4
01114B3D0BT00000000AB101,2
01114B3D0BS00000000AG101,19
01114B3D0BS00000000AF101,5
01114B3D0BS00000000AC101,4
01114B3D0BS00000000AB101,2
01114B3D0BR00000000AG101,19
01114B3D0BR00000000AF101,5
01114B3D0BR00000000AC101,4
01114B3D0BR00000000AB101,2
01114B3D0BQ00000000AG101,19
01114B3D0BQ00000000AF101,5
01114B3D0BQ00000000AC101,4
01114B3D0BQ00000000AB101,2
01114B3D0BN00000000AG101,19
01114B3D0BN00000000AF101,5
01114B3D0BN00000000AC101,4
01114B3D0BN00000000AB101,2
01114B3D0BL00000000AG101,19
01114B3D0BL00000000AF101,5
01114B3D0BL00000000AC101,4
01114B3D0BL00000000AB101,2
01114B3D0BJ00000000AG101,19
01114B3D0BJ00000000AF101,5
01114B3D0BJ00000000AC101,4
01114B3D0BJ00000000AB101,2
01114B3D0BG00000000AG101,19
01114B3D0BG00000000AF101,5
01114B3D0BG00000000AC101,4
01114B3D0BG00000000AB101,2
01114B3D0BE00000000AG101,19
01114B3D0BE00000000AF101,5
01114B3D0BE00000000AC101,4
01114B3D0BE00000000AB101,2
01114B3D0BC00000000AG101,19
01114B3D0BC00000000AF101,5
01114B3D0BC00000000AC101,4
01114B3D0BC00000000AB101,2
01114B3D0AZ00000000AG101,19
01114B3D0AZ00000000AF101,5
01114B3D0AZ00000000AC101,4
01114B3D0AZ00000000AB101,2
01114B3D0AW00000000AG101,19
01114B3D0AW00000000AF101,5
01114B3D0AW00000000AC101,4
01114B3D0AW00000000AB101,2
