01126B3D4AA0000000000031,PSZ
01126B3D4AB0000000000031,PSZ
01126B3D4AC0000000000031,PSZ
01126B3D4AD0000000000031,PSZ
01126B3D4AE0000000000031,PSZ
01126B3D4AF0000000000031,PSZ
01126B3D4AG0000000000031,PSZ
01126B3D4AH0000000000031,PSZ
01126B3D4AJ0000000000031,PSZ
01126B3D4AK0000000000031,PSZ
01126B3D4AL0000000000031,PSZ
01126B3D4AM0000000000031,PSZ
01126B3D4AN0000000000031,PSZ
01126B3D4AP0000000000031,PSZ
01126B3D4AQ0000000000031,PSZ
01126B3D4AR0000000000031,PSZ
01126B3D4AS0000000000031,PSZ
01126B3D4AT0000000000031,PSZ
01126B3D4AU0000000000031,PSZ
01126B3D4AV0000000000031,PSZ
01126B3D4AW0000000000031,PSZ
01126B3D4AZ0000000000031,PSZ
01126B3D4BC0000000000031,PSZ
01126B3D4BE0000000000031,PSZ
01126B3D4BG0000000000031,PSZ
01126B3D4BJ0000000000031,PSZ
01126B3D4BL0000000000031,PSZ
01126B3D4BN0000000000031,PSZ
01126B3D4BQ0000000000031,PSZ
01126B3D4BR0000000000031,PSZ
01126B3D4BS0000000000031,PSZ
01126B3D4BT0000000000031,PSZ
01126B3D4BU0000000000031,PSZ
01126B3D4BV0000000000031,PSZ
01126B3D4BW0000000000031,PSZ
01126B3D4BX0000000000031,PSZ
01126B3D4BY0000000000031,PSZ
01126B3D4BZ0000000000031,PSZ
01126B3D4CA0000000000031,PSZ
01126B3D4CB0000000000031,PSZ
01126B3D4CD0000000000031,PSZ
01126B3D4CE0000000000031,PSZ
01126B3D4CF0000000000031,PSZ
01126B3D4CG0000000000031,PSZ
01126B3D4CH0000000000031,PSZ
01126B3D4CJ0000000000031,PSZ
01126B3D4CK0000000000031,PSZ
01126B3D4CL0000000000031,PSZ
01126B3D4CM0000000000031,PSZ
01126B3D4CN0000000000031,PSZ
01126B3D4CP0000000000031,PSZ
01126B3D4CQ0000000000031,PSZ
01126B3D4CR0000000000031,PSZ
01126B3D4CT0000000000031,PSZ
01126B3D4CU0000000000031,PSZ
01126B3D4CV0000000000031,PSZ
01126B3D4CW0000000000031,PSZ
01126B3D4CX0000000000031,PSZ
01126B3D4CY0000000000031,PSZ
01126B3D4CZ0000000000031,PSZ
01126B3D4DA0000000000031,PSZ
01126B3D4DB0000000000031,PSZ
01126B3D4DC0000000000031,PSZ
01126B3D4DE0000000000031,PSZ
01126B3D4DF0000000000031,PSZ
01126B3D4DG0000000000031,PSZ
01126B3D4DH0000000000031,PSZ
01126B3D4DJ0000000000031,PSZ
01126B3D4DK0000000000031,PSZ
01126B3D4DL0000000000031,PSZ
01126B3D4DM0000000000031,PSZ
01126B3D4DN0000000000031,PSZ
01126B3D4DP0000000000031,PSZ
01126B3D4DQ0000000000031,PSZ
01126B3D4DR0000000000031,PSZ
01126B3D4DS0000000000031,PSZ
01126B3D4DU0000000000031,PSZ
01126B3D4DW0000000000031,PSZ
01126B3D4DY0000000000031,PSZ
01126B3D4EA0000000000031,PSZ
01126B3D4EB0000000000031,PSZ
01126B3D4EC0000000000031,PSZ
01126B3D4ED0000000000031,PSZ
01126B3D4EF0000000000031,PSZ
01126B3D4EG0000000000031,PSZ
01126B3D4EH0000000000031,PSZ
01126B3D4EJ0000000000031,PSZ
01126B3D4EK0000000000031,PSZ
01126B3D4EL0000000000031,PSZ
01126B3D4EM0000000000031,PSZ
01126B3D4EN0000000000031,PSZ
01126B3D4EP0000000000031,PSZ
01126B3D4EQ0000000000031,PSZ
01126B3D4ER0000000000031,PSZ
01126B3D4ES0000000000031,PSZ
01126B3D4ET0000000000031,PSZ
01126B3D4EU0000000000031,PSZ
01126B3D4EV0000000000031,PSZ
01126B3D4EW0000000000031,PSZ
01126B3D4EX0000000000031,PSZ
01126B3D4EY0000000000031,PSZ
01126B3D4EZ0000000000031,PSZ
01126B3D4FA0000000000031,PSZ
01126B3D4FB0000000000031,PSZ
